name,in5_profile_link,industry,profile_description
5Ds Advertising FZ-LLC,https://5ds.ae,Marketing,"5Ds Advertising is a pioneering marketing company distinguished for its innovative approaches to product promotion, including cutting-edge use of Hologram technology. Our primary focus lies in Point of Sale Marketing (POS), strategically leveraging our expansive network of over 100 stores to ensure optimal brand visibility in key locations."
6bees FZ-LLC,http://www.6bees.co,Business IT Solution,"6bees is a strategy and performance ecosystem that streamlines all function\\\'s activities towards one vision, streamlining all efforts and creating a culture of teamwork and high performance."
8Zone FZ-LLC,http://www.wedomedia.tv,Gaming,"8ZONE is an eSport integration company for eSports league, tournaments, and education."
Abcurr FZ-LLC,https://www.abcurr.com/,EdTech,Digital Marketplace matching universities worldwide based on their learning objectives to facilitate the organisation of educational study trips between universities hosts & visitors we aspire to be the universities airbnb.
Able Ventures FZ-LLC,https://www.ableventures.co/,Wellness,Able is building anall-in-one platform for adults aged 50+ to take control of their condition and enable vibrant aging.
Acadlinks Technologies FZ-LLC,https://www.acadlinks.co/,EdTech,Acadlinks is a platform that connects Academia and the industry by receiving projects from companies and distributing them to students.
DataGo 80/20 Decision Intelligence Platform FZ-LLC,https://www.anmarabbas.com/,Business IT Solution,"DataGo is a Managed Analytics and Decision Intelligence Platform that helps customers manage data, turning it into knowledge in the fastest time possible."
Decoding Data Science FZ-LLC,https://decodingdatascience.com/,EdTech,"DDS bridges the gap between learners, practitioners, and businesses by providing a vibrant AI community enriched with resources, events, and professional growth opportunities, while also tackling core educational challenges through AI-powered personalized learning paths that empower educators and students to achieve transformative growth and success."
Deep Design Innovation FZ-LLC,https://www.deepdesigninnovation.com/,Product Design,Deep Design Innovation (DDI) is a  Futures Thinking Design & Innovation Lab
DeTaSECURE FZ-LLC,https://detasecure.com,Security,"We are accomplished cyber security experts, taking care of cyber security practices and global delivery in sectors ofweb3, finance, e-commerce, healthcare, insurance and telecom domains."
Detectiome FZ-LLC,https://detectiome.com/,HealthTech,"An AI-enabled liquid biopsy solution that detects multiple cancers in the early stages. Our unique solution pairs advanced Ai, bioinformatics, and lab chemistry to detect subtle changes in epigenomes of a patient to detect cancer before any symptom begins."
DevBoat Technologies FZ-LLC,https://devboattech.com/,Marketing,"DevBoat Technologies empowers startups with budget-friendly digital marketing and tech solutions. We craft customized plans with SEO, SEM, SMM to boost your online presence and reach."
Diagnio Middle East FZ-LLC,http://diagnio.com,Medical Devices,"Fast, easy and non-invasive ovulation home test."
Dianomics FZ-LLC,https://www.dianomics.com,Business IT Solution,"Dianomics is supporting small and medium sized life science businesses with operations, QM and IT systems by taking ISO as a backbone and turning QM into an eBciency tool."
Digitrex Technologies FZ-LLC,https://www.majlis.network/,Marketplace,"Majlis is a dynamic global platform created by Digitrex Technologies, designed for entrepreneurs, innovators, and business leaders to connect, collaborate, and grow together. It acts as a B2B marketplace and professional community where aspiring and established entrepreneurs can find mentorship, funding opportunities, strategic partnerships, and actionable insights to accelerate their ventures. Powered by AI, Majlis helps users discover relevant people, businesses, and events — enhancing the way professionals build their networks."
Dismantly FZ-LLC,https://www.genius-autos.com,Transportation,Dismantly is an ecosystem of software solutions to digitalise and optimise the global used auto parts supply chain.
DNA Longevity FZ-LLC,http://www.dna-longevity.com,BioTech,DNA Longevity aims to revolutionize healthcare by providing individuals with accessible and personalized genetic testing and counseling services.
Doclub FZ-LLC,https://doclub.uz/en,HealthTech,"Doclub is an interactive educational platform for professional development, training and daily work of doctors and healthcare professionals."
