name,in5_profile_link,website,industry,profile_description
Tactical Decisions FZ-LLC,https://tacticalci.com,https://tacticalci.com,Business IT Solution,Empowering data-driven decision-making
Taggle Digital Solutions FZ-LLC,https://www.taggle.ae,https://www.taggle.ae,eCommerce,"Taggle is a platform that helps merchants offer cashback discounts when users post about their products on Instagram. It solves the lack of merchant-driven discount initiatives by incentivizing organic marketing. Serving e-commerce and retail, Taggle connects businesses with social media-savvy consumers looking for rewards and promotions."
Talktime FZ-LLC,https://talktime.ae/,https://talktime.ae/,Mental Health,"Talktime provides convenient, confidential, and localized online therapy from the comfort of home."
Techauthors FZ-LLC,http://lineup.ae,http://lineup.ae,Wellness,A mobile app to match-make players and book sport venues.
The Disrupt Labs FZ-LLC,http://www.thedisruptlabs.com,http://www.thedisruptlabs.com,Robotics,"The Disrupt Labs helps Manufacturing Companies, warehouses and outdoor electrical and telecom sites with visual inspection, safety, security, and efficiency improvements by adding AI to their visual sensors such as CCTV cameras, and machine vision cameras."
The Fashion Coterie FZ-LLC,https://Thefashioncoterie.com,https://Thefashioncoterie.com,Product Design,"The Fashion Coterie is a design company that helps individuals and businesses improve their products, style and image. The serivces include styling, image, clothing selection, design development, and brand identity development."
Tools Products FZ-LLC,https://www.tools-products.com,https://www.tools-products.com,EdTech,Tools Products offers a library of tools to create breathtaking art.
Tomorrow Film FZ-LLC,https://www.tomorrow.film/,https://www.tomorrow.film/,Content,"Tomorrow Film is production agency, filming for top agencies and brands across the region and beyond."
Together We Empower FZ-LLC,https://twe.co/,https://twe.co/,Content,tweÂ is learning-based social media app that redefining the way young individuals engage with the professional world.
Tiger Marketplace FZ-LLC,https://www.tigerpay.app/,https://www.tigerpay.app/,FinTech,Payment solutions for merchants.
Throwmenot FZ-LLC,https://throwmenot.ae,https://throwmenot.ae,eCommerce,"eCommerce platform & future mobile app connecting consumers and businesses with discounted surplus groceries, helping reduce food waste and helping retailers turn surplus inventory into revenue."
Thoughtful Natives FZ-LLC,https://www.thoughtfulnatives.com,https://www.thoughtfulnatives.com,Architecture,"Celebrating Art, Culture & Life in Architecture"
The Taco People FZ-LLC,https://thetacopeople.com/,https://thetacopeople.com/,Fashion,The Taco People is a Fashion Boutique Agency that provides a host of services to D2C eCommerce businesses.
The Potion Video Production FZ-LLC,http://www.thepotion.me,http://www.thepotion.me,Content,The Potion is a creative design and video production agency.
